sequence,frame,pred_u_near,pred_u_far,ref_u_near,ref_u_far,error_u_near,error_u_far,unknown_near,unknown_far,conf_near,conf_far
clear,0,241.5,243.0,241.16,242.93,0.3400000000000034,0.06999999999999318,0,0,0.924,0.924
clear,1,242.5,244.0,242.38,243.85,0.12000000000000455,0.15000000000000568,0,0,0.924,0.924
clear,2,243.5,245.0,243.58,244.75,0.0800000000000125,0.25,0,0,0.924,0.924
clear,3,244.5,245.25,244.76,245.61,0.2599999999999909,0.36000000000001364,0,0,0.924,0.924
clear,4,245.75,246.25,245.91,246.43,0.1599999999999966,0.18000000000000682,0,0,0.924,0.924
clear,5,247.0,247.0,247.01,247.21,0.009999999999990905,0.21000000000000796,0,0,0.924,0.924
clear,6,248.25,248.0,248.07,247.94,0.18000000000000682,0.060000000000002274,0,0,0.924,0.924
clear,7,249.25,248.25,249.06,248.61,0.18999999999999773,0.36000000000001364,0,0,0.924,0.924
clear,8,250.0,249.0,250.0,249.22,0.0,0.21999999999999886,0,0,0.924,0.924
clear,9,250.75,250.0,250.87,249.77,0.12000000000000455,0.22999999999998977,0,0,0.924,0.924
clear,10,251.5,250.0,251.66,250.25,0.1599999999999966,0.25,0,0,0.924,0.924
clear,11,252.5,250.25,252.37,250.66,0.12999999999999545,0.4099999999999966,0,0,0.924,0.924
clear,12,253.0,251.0,252.99,251.0,0.009999999999990905,0.0,0,0,0.924,0.924
clear,13,253.5,251.0,253.53,251.26,0.030000000000001137,0.2599999999999909,0,0,0.924,0.924
clear,14,254.0,251.25,253.97,251.44,0.030000000000001137,0.18999999999999773,0,0,0.924,0.924
clear,15,254.5,251.75,254.31,251.54,0.18999999999999773,0.21000000000000796,0,0,0.924,0.924
clear,16,254.5,251.25,254.56,251.56,0.060000000000002274,0.3100000000000023,0,0,0.924,0.924
clear,17,254.5,251.75,254.7,251.5,0.19999999999998863,0.25,0,0,0.924,0.924
clear,18,254.5,251.25,254.74,251.36,0.2400000000000091,0.11000000000001364,0,0,0.924,0.924
clear,19,254.5,251.0,254.68,251.15,0.18000000000000682,0.15000000000000568,0,0,0.924,0.924
clear,20,254.5,251.0,254.52,250.85,0.020000000000010232,0.15000000000000568,0,0,0.924,0.924
clear,21,254.5,250.75,254.26,250.48,0.2400000000000091,0.27000000000001023,0,0,0.924,0.924
clear,22,253.75,250.0,253.89,250.04,0.13999999999998636,0.03999999999999204,0,0,0.924,0.924
clear,23,253.5,249.75,253.43,249.53,0.06999999999999318,0.21999999999999886,0,0,0.924,0.924
shadow,0,245.0,242.75,241.16,242.93,3.8400000000000034,0.18000000000000682,0,0,0.3117333333333333,0.8748333333333332
shadow,1,246.0,243.75,242.38,243.85,3.6200000000000045,0.09999999999999432,0,0,0.3117333333333333,0.8748333333333332
shadow,2,247.0,201.0,243.58,244.75,3.4199999999999875,43.75,0,0,0.3117333333333333,0.3117333333333333
shadow,3,248.0,201.0,244.76,245.61,3.240000000000009,44.610000000000014,0,0,0.3117333333333333,0.29586666666666667
shadow,4,245.5,202.0,245.91,246.43,0.4099999999999966,44.43000000000001,0,0,0.8745333333333333,0.3117333333333333
shadow,5,247.0,203.0,247.01,247.21,0.009999999999990905,44.21000000000001,0,0,0.859,0.3117333333333333
shadow,6,248.25,204.0,248.07,247.94,0.18000000000000682,43.94,0,0,0.8587,0.3117333333333333
shadow,7,249.25,204.0,249.06,248.61,0.18999999999999773,44.610000000000014,0,0,0.8587,0.29586666666666667
shadow,8,250.0,205.0,250.0,249.22,0.0,44.22,0,0,0.859,0.3117333333333333
shadow,9,250.5,206.0,250.87,249.77,0.37000000000000455,43.77000000000001,0,0,0.8745333333333333,0.3117333333333333
shadow,10,251.25,206.0,251.66,250.25,0.4099999999999966,44.25,0,0,0.8748333333333332,0.3117333333333333
shadow,11,252.25,206.0,252.37,250.66,0.12000000000000455,44.66,0,0,0.8735,0.29586666666666667
shadow,12,253.0,207.0,252.99,251.0,0.009999999999990905,44.0,0,0,0.8595,0.3117333333333333
shadow,13,253.25,250.75,253.53,251.26,0.28000000000000114,0.5099999999999909,0,0,0.8748333333333332,0.8748333333333332
shadow,14,254.0,251.0,253.97,251.44,0.030000000000001137,0.4399999999999977,0,0,0.8595,0.878
shadow,15,254.25,251.5,254.31,251.54,0.060000000000002274,0.03999999999999204,0,0,0.8735,0.878
shadow,16,254.25,251.25,254.56,251.56,0.3100000000000023,0.3100000000000023,0,0,0.8748333333333332,0.8521666666666667
shadow,17,254.25,251.5,254.7,251.5,0.44999999999998863,0.0,0,0,0.8748333333333332,0.878
shadow,18,254.5,251.0,254.74,251.36,0.2400000000000091,0.36000000000001364,0,0,0.8595,0.878
shadow,19,254.25,250.75,254.68,251.15,0.4300000000000068,0.4000000000000057,0,0,0.8748333333333332,0.8748333333333332
shadow,20,254.25,250.75,254.52,250.85,0.27000000000001023,0.09999999999999432,0,0,0.8748333333333332,0.8748333333333332
shadow,21,254.25,294.5,254.26,250.48,0.009999999999990905,44.02000000000001,0,0,0.8728333333333332,0.30065
shadow,22,250.0,293.5,253.89,250.04,3.8899999999999864,43.46000000000001,0,0,0.3033333333333333,0.30065
shadow,23,249.5,293.5,253.43,249.53,3.930000000000007,43.97,0,0,0.30065,0.30065
missing,0,245.5,286.5,241.16,242.93,4.340000000000003,43.56999999999999,0,0,0.3234,0.3234
missing,1,246.5,287.5,242.38,243.85,4.1200000000000045,43.650000000000006,0,0,0.3234,0.3234
missing,2,247.5,290.0,243.58,244.75,3.9199999999999875,45.25,0,0,0.3234,0.3234
missing,3,243.75,,244.76,245.61,1.009999999999991,,0,1,0.924,0.0
missing,4,245.75,,245.91,246.43,0.1599999999999966,,0,1,0.924,0.0
missing,5,247.0,,247.01,247.21,0.009999999999990905,,0,1,0.924,0.0
missing,6,248.25,,248.07,247.94,0.18000000000000682,,0,1,0.924,0.0
missing,7,249.25,,249.06,248.61,0.18999999999999773,,0,1,0.924,0.0
missing,8,250.0,,250.0,249.22,0.0,,0,1,0.924,0.0
missing,9,250.75,,250.87,249.77,0.12000000000000455,,0,1,0.924,0.0
missing,10,251.5,,251.66,250.25,0.1599999999999966,,0,1,0.924,0.0
missing,11,252.5,,252.37,250.66,0.12999999999999545,,0,1,0.924,0.0
missing,12,253.0,293.0,252.99,251.0,0.009999999999990905,42.0,0,0,0.924,0.3234
missing,13,253.5,294.5,253.53,251.26,0.030000000000001137,43.24000000000001,0,0,0.924,0.3234
missing,14,254.0,294.5,253.97,251.44,0.030000000000001137,43.06,0,0,0.924,0.3234
missing,15,254.5,295.5,254.31,251.54,0.18999999999999773,43.96000000000001,0,0,0.924,0.3234
missing,16,254.5,295.5,254.56,251.56,0.060000000000002274,43.94,0,0,0.924,0.3234
missing,17,254.5,295.5,254.7,251.5,0.19999999999998863,44.0,0,0,0.924,0.3234
missing,18,254.5,294.5,254.74,251.36,0.2400000000000091,43.139999999999986,0,0,0.924,0.3234
missing,19,254.5,294.5,254.68,251.15,0.18000000000000682,43.349999999999994,0,0,0.924,0.3234
missing,20,254.5,294.5,254.52,250.85,0.020000000000010232,43.650000000000006,0,0,0.924,0.3234
missing,21,254.5,294.5,254.26,250.48,0.2400000000000091,44.02000000000001,0,0,0.924,0.3234
missing,22,250.0,293.5,253.89,250.04,3.8899999999999864,43.46000000000001,0,0,0.3234,0.3234
missing,23,249.5,293.5,253.43,249.53,3.930000000000007,43.97,0,0,0.3234,0.3234
