sequence,frame,pred_u_near,pred_u_far,conf_near,conf_far,n_rows,near_y_px,near_center_x_px,far_y_px,far_center_x_px,err_near,err_far
clear,0,240.95046893005727,242.69113135951036,0.8406657677732666,0.8406657677732666,224,260,241.16,170,242.93,0.2095310699427273,0.23886864048964185
clear,1,242.13854019859073,243.5971124279309,0.8394521272935478,0.8394521272935478,224,260,242.38,170,243.85,0.24145980140926326,0.25288757206908485
clear,2,243.35483319446138,244.52517287535136,0.8419979805298579,0.8419979805298579,224,260,243.58,170,244.75,0.22516680553863466,0.22482712464864107
clear,3,244.52942493441577,245.35310575830238,0.8423449643024085,0.8423449643024085,224,260,244.76,170,245.61,0.23057506558421892,0.25689424169763697
clear,4,245.67225955249614,246.1949649045867,0.8437785139969373,0.8437785139969373,224,260,245.91,170,246.43,0.23774044750385315,0.23503509541330914
clear,5,246.75842906761542,246.94767901334407,0.8432449808693407,0.8432449808693407,224,260,247.01,170,247.21,0.25157093238456696,0.2623209866559364
clear,6,247.8280871026226,247.71902094295143,0.8433696040427341,0.8433696040427341,224,260,248.07,170,247.94,0.24191289737740362,0.22097905704856657
clear,7,248.83632958870803,248.35759743323146,0.8434134437455035,0.8434134437455035,224,260,249.06,170,248.61,0.22367041129197673,0.2524025667685521
clear,8,249.74362669566648,248.96686063471526,0.842467824466833,0.842467824466833,224,260,250.0,170,249.22,0.2563733043335219,0.25313936528473846
clear,9,250.6386250629176,249.5507050722854,0.8433665218732023,0.8433665218732023,224,260,250.87,170,249.77,0.23137493708239276,0.2192949277145999
clear,10,251.44285990898365,250.01221254562037,0.8437356898848892,0.8437356898848892,224,260,251.66,170,250.25,0.21714009101634701,0.23778745437962812
clear,11,252.17972053171042,250.39979180012813,0.8426929911843671,0.8426929911843671,224,260,252.37,170,250.66,0.19027946828958875,0.26020819987186883
clear,12,252.76872509557737,250.7362481951847,0.8401358737785714,0.8401358737785714,224,260,252.99,170,251.0,0.22127490442264275,0.263751804815314
clear,13,253.22604277288087,250.86234593750459,0.8543207218776425,0.8543207218776425,224,260,253.53,170,251.26,0.30395722711912754,0.39765406249540547
clear,14,253.9065053653572,251.14324097419455,0.8270149041928908,0.8270149041928908,224,260,253.97,170,251.44,0.06349463464280802,0.2967590258054429
clear,15,254.13976838499792,251.3155628767061,0.8384063378218561,0.8384063378218561,224,260,254.31,170,251.54,0.17023161500208062,0.22443712329388177
clear,16,254.26159312940425,251.30567544843055,0.8378153797544705,0.8378153797544705,224,260,254.56,170,251.56,0.29840687059575544,0.25432455156945366
clear,17,254.43587957504823,251.21137634030484,0.8391403005550895,0.8391403005550895,224,260,254.7,170,251.5,0.2641204249517557,0.2886236596951619
clear,18,254.52833869674427,251.1265429261716,0.8389230313221502,0.8389230313221502,224,260,254.74,170,251.36,0.21166130325573818,0.23345707382841852
clear,19,254.4760475663841,250.9089588704135,0.8374909568513513,0.8374909568513513,224,260,254.68,170,251.15,0.20395243361591042,0.24104112958650603
clear,20,254.3190107525479,250.625292198117,0.8395873105624106,0.8395873105624106,224,260,254.52,170,250.85,0.20098924745209956,0.22470780188299955
clear,21,254.02765565317785,250.26177426047403,0.834073767773708,0.834073767773708,224,260,254.26,170,250.48,0.23234434682214555,0.21822573952596258
clear,22,253.66067485242007,249.81440711219648,0.8400711896461672,0.8400711896461672,224,260,253.89,170,250.04,0.22932514757991385,0.22559288780351494
clear,23,253.23348111181247,249.30276336678753,0.8371884142221048,0.8371884142221048,224,260,253.43,170,249.53,0.1965188881875406,0.22723663321247045
shadow,0,240.93709861755198,242.69491761670807,0.8300680427053301,0.8300680427053301,224,260,241.16,170,242.93,0.22290138244801483,0.23508238329193887
shadow,1,242.11819803900005,243.5903264661473,0.830446615779643,0.830446615779643,224,260,242.38,170,243.85,0.26180196099994646,0.2596735338526912
shadow,2,243.33710893361345,244.52106605521786,0.8351944466928707,0.8351944466928707,224,260,243.58,170,244.75,0.24289106638656222,0.2289339447821419
shadow,3,244.51459941850754,245.34339964199614,0.8337390404427424,0.8337390404427424,224,260,244.76,170,245.61,0.24540058149244715,0.2666003580038705
shadow,4,245.658262272264,246.18884998617725,0.8397608804336292,0.8397608804336292,224,260,245.91,170,246.43,0.2517377277359856,0.2411500138227609
shadow,5,246.75634065127574,246.944969455944,0.838498037244744,0.838498037244744,224,260,247.01,170,247.21,0.25365934872425555,0.26503054405600324
shadow,6,247.81691265996082,247.70690695945845,0.8379256382005885,0.8379256382005885,224,260,248.07,170,247.94,0.25308734003917266,0.23309304054154723
shadow,7,248.81709693847878,248.3531303858925,0.836511201826161,0.836511201826161,224,260,249.06,170,248.61,0.24290306152121843,0.25686961410750087
shadow,8,249.72005246640157,248.93811750253138,0.8328430885140403,0.8328430885140403,224,260,250.0,170,249.22,0.27994753359843116,0.28188249746861516
shadow,9,250.63024618330908,249.54169162097642,0.8404099676455188,0.8404099676455188,224,260,250.87,170,249.77,0.23975381669092144,0.2283083790235878
shadow,10,251.4457671957399,249.98713149517062,0.8426589196277627,0.8426589196277627,224,260,251.66,170,250.25,0.21423280426009228,0.2628685048293846
shadow,11,252.16286697382193,250.34385439101473,0.8401286609766323,0.8401286609766323,224,260,252.37,170,250.66,0.20713302617807017,0.31614560898526634
shadow,12,252.76822999382915,250.76423765855168,0.8329384226078008,0.8329384226078008,224,260,252.99,170,251.0,0.22177000617085696,0.23576234144832142
shadow,13,253.22569552085204,250.88505571615102,0.8481198494024751,0.8481198494024751,224,260,253.53,170,251.26,0.3043044791479588,0.3749442838489756
shadow,14,253.90631136753174,251.17475787425192,0.8229300811984585,0.8229300811984585,224,260,253.97,170,251.44,0.0636886324682564,0.26524212574807393
shadow,15,254.13850988801642,251.34616278729231,0.8367018225979374,0.8367018225979374,224,260,254.31,170,251.54,0.1714901119835872,0.1938372127076775
shadow,16,254.25832045539704,251.30900013059818,0.8332825276569868,0.8332825276569868,224,260,254.56,170,251.56,0.30167954460296187,0.2509998694018236
shadow,17,254.43626386445112,251.20737121978993,0.8387388208814316,0.8387388208814316,224,260,254.7,170,251.5,0.2637361355488679,0.292628780210066
shadow,18,254.52832425371562,251.12655266707057,0.8390016424841342,0.8390016424841342,224,260,254.74,170,251.36,0.211675746284385,0.23344733292944397
shadow,19,254.47603312335548,250.9089686113125,0.8375666987796982,0.8375666987796982,224,260,254.68,170,251.15,0.20396687664452884,0.24103138868750307
shadow,20,254.31899630951918,250.62530193901588,0.8396624663214909,0.8396624663214909,224,260,254.52,170,250.85,0.20100369048083166,0.22469806098411027
shadow,21,254.14308491995985,250.37485490442094,0.790310509096686,0.790310509096686,224,260,254.26,170,250.48,0.11691508004014395,0.10514509557904717
shadow,22,253.643171661589,249.82192908942523,0.8384235605974588,0.8384235605974588,223,260,253.89,170,250.04,0.24682833841097818,0.21807091057476669
shadow,23,253.23975736543463,249.32959390209453,0.8322100151011935,0.8322100151011935,223,260,253.43,170,249.53,0.19024263456537938,0.20040609790547137
missing,0,241.02840378712753,242.7523914184039,0.5491587499986983,0.5491587499986983,154,260,241.16,170,242.93,0.13159621287246637,0.17760858159610393
missing,1,242.12713455407481,243.59987325653327,0.5545801894273866,0.5545801894273866,147,260,242.38,170,243.85,0.2528654459251811,0.2501267434667227
missing,2,243.33498593641536,244.52056237076448,0.5568359227485495,0.5385806698091516,139,260,243.58,170,244.75,0.24501406358464806,0.22943762923551958
missing,3,244.49820197048075,245.32351851350893,0.557452001899709,0.48786711870970373,136,260,244.76,170,245.61,0.261798029519241,0.28648148649108407
missing,4,245.66317670655417,246.19436849853662,0.5633486129708504,0.4930276753919399,138,260,245.91,170,246.43,0.24682329344582854,0.23563150146338785
missing,5,246.76058636425526,246.95151883236312,0.5637553500058936,0.4933836407928764,148,260,247.01,170,247.21,0.2494136357447303,0.2584811676368872
missing,6,247.83371686348568,247.72293710535757,0.5649788561137831,0.4944544206941873,158,260,248.07,170,247.94,0.23628313651431654,0.21706289464242445
missing,7,248.8245027480868,248.35099565367256,0.5665721725142593,0.4958488486966777,168,260,249.06,170,248.61,0.23549725191321613,0.2590043463274583
missing,8,249.72064724641365,248.94376397602304,0.5661983841842537,0.4955217191232872,179,260,250.0,170,249.22,0.2793527535863518,0.27623602397696345
missing,9,250.6238749414897,249.5334278250034,0.5754898723391764,0.5036533816506791,189,260,250.87,170,249.77,0.24612505851030164,0.23657217499660987
missing,10,251.44946813200556,249.98965346227283,0.5882701798002055,0.5148383657497373,199,260,251.66,170,250.25,0.21053186799443324,0.2603465377271732
missing,11,252.16530916204917,250.33185641097535,0.5952626405340098,0.5209579808184183,209,260,252.37,170,250.66,0.2046908379508352,0.32814358902464846
missing,12,252.75031151529024,250.74841404141475,0.596688530721453,0.5771267538867414,220,260,252.99,170,251.0,0.23968848470977377,0.25158595858525246
missing,13,253.1998366137458,250.8590967415863,0.6222697129409478,0.6222697129409478,224,260,253.53,170,251.26,0.33016338625421326,0.4009032584136776
missing,14,253.93456058142303,251.20069092424873,0.6062582029632207,0.6062582029632207,224,260,253.97,170,251.44,0.03543941857697064,0.23930907575126525
missing,15,254.15774432853985,251.36598700388774,0.624502780076203,0.624502780076203,224,260,254.31,170,251.54,0.1522556714601535,0.1740129961122534
missing,16,254.2565042507847,251.30414460070068,0.6312087072601752,0.6312087072601752,224,260,254.56,170,251.56,0.3034957492153012,0.2558553992993211
missing,17,254.44978398899605,251.21871097369961,0.6408584796952592,0.6408584796952592,224,260,254.7,170,251.5,0.25021601100394264,0.2812890263003851
missing,18,254.54439218816935,251.13503798755056,0.6414815488718391,0.6414815488718391,224,260,254.74,170,251.36,0.195607811830655,0.2249620124494527
missing,19,254.48583649875707,250.91872603605947,0.6398813517796307,0.6398813517796307,224,260,254.68,170,251.15,0.19416350124294013,0.2312739639405379
missing,20,254.31813665993235,250.62384682725138,0.6417911458587597,0.6417911458587597,224,260,254.52,170,250.85,0.2018633400676606,0.22615317274861013
missing,21,254.04316077538695,250.2900945041217,0.6014063089408146,0.6014063089408146,224,260,254.26,170,250.48,0.2168392246130395,0.18990549587829264
missing,22,253.63748970733855,249.82444831914108,0.5457429204381152,0.5457429204381152,223,260,253.89,170,250.04,0.25251029266144087,0.2155516808589084
missing,23,253.23435904559997,249.3290174707752,0.5419464494532656,0.5419464494532656,223,260,253.43,170,249.53,0.1956409544000337,0.20098252922480242
