episode,frame,time_s,distance_to_line_m,speed_mps,red_score,person_score,v2x_light,v2x_sample_time_s,age_s,base,base_reason,rev,rev_reason,eff_state,eff_age,margin_m
clear_green,0,0.0,2.75,0.8,0.01,0.01,green,0.0,0.0,GO,no red (camera and V2X) and no person evidence,GO,"no red, no person evidence (V2X green, age 0.0s)",green,0.0,2.23
clear_green,1,0.1,2.67,0.8,0.01,0.113,green,0.1,0.0,GO,no red (camera and V2X) and no person evidence,GO,"no red, no person evidence (V2X green, age 0.0s)",green,0.0,2.15
clear_green,2,0.2,2.59,0.8,0.028,0.01,green,0.2,0.0,GO,no red (camera and V2X) and no person evidence,GO,"no red, no person evidence (V2X green, age 0.0s)",green,0.0,2.07
clear_green,3,0.3,2.51,0.8,0.01,0.153,green,0.3,0.0,GO,no red (camera and V2X) and no person evidence,GO,"no red, no person evidence (V2X green, age 0.0s)",green,0.0,1.99
clear_green,4,0.4,2.43,0.8,0.04,0.456,green,0.4,0.0,GO,no red (camera and V2X) and no person evidence,GO,"no red, no person evidence (V2X green, age 0.0s)",green,0.0,1.91
clear_green,5,0.5,2.35,0.8,0.01,0.219,green,0.0,0.5,GO,no red (camera and V2X) and no person evidence,GO,"no red, no person evidence (V2X green, age 0.1s)",green,0.1,1.83
clear_green,6,0.6,2.27,0.8,0.365,0.77,green,0.0,0.6,SLOW,"person probably visible (0.77), position unknown",SLOW,"person probably visible (0.77), position unknown",green,0.2,1.75
clear_green,7,0.7,2.19,0.8,0.094,0.77,green,0.7,0.0,SLOW,"person probably visible (0.77), position unknown",SLOW,"person probably visible (0.77), position unknown",green,0.0,1.67
clear_green,8,0.8,2.11,0.8,0.01,0.185,green,0.8,0.0,GO,no red (camera and V2X) and no person evidence,GO,"no red, no person evidence (V2X green, age 0.0s)",green,0.0,1.59
clear_green,9,0.9,2.03,0.8,0.16,0.514,green,0.9,0.0,SLOW,"person probably visible (0.514), position unknown",SLOW,"person probably visible (0.514), position unknown",green,0.0,1.51
clear_green,10,1.0,1.95,0.8,0.01,0.163,green,1.0,0.0,GO,no red (camera and V2X) and no person evidence,GO,"no red, no person evidence (V2X green, age 0.0s)",green,0.0,1.43
clear_green,11,1.1,1.87,0.8,0.241,0.094,green,1.1,0.0,GO,no red (camera and V2X) and no person evidence,GO,"no red, no person evidence (V2X green, age 0.0s)",green,0.0,1.35
clear_green,12,1.2,1.79,0.8,0.049,0.398,green,0.6,0.6,GO,no red (camera and V2X) and no person evidence,GO,"no red, no person evidence (V2X green, age 0.1s)",green,0.1,1.27
clear_green,13,1.3,1.71,0.8,0.01,0.023,green,0.7,0.6,GO,no red (camera and V2X) and no person evidence,GO,"no red, no person evidence (V2X green, age 0.2s)",green,0.2,1.19
clear_green,14,1.4,1.63,0.8,0.111,0.01,green,1.4,0.0,GO,no red (camera and V2X) and no person evidence,GO,"no red, no person evidence (V2X green, age 0.0s)",green,0.0,1.11
clear_green,15,1.5,1.55,0.8,0.07,0.01,green,1.5,0.0,GO,no red (camera and V2X) and no person evidence,GO,"no red, no person evidence (V2X green, age 0.0s)",green,0.0,1.03
clear_green,16,1.6,1.47,0.8,0.149,0.066,green,1.6,0.0,GO,no red (camera and V2X) and no person evidence,GO,"no red, no person evidence (V2X green, age 0.0s)",green,0.0,0.95
clear_green,17,1.7,1.39,0.8,0.01,0.092,green,1.7,0.0,GO,no red (camera and V2X) and no person evidence,GO,"no red, no person evidence (V2X green, age 0.0s)",green,0.0,0.87
clear_green,18,1.8,1.31,0.8,0.155,0.01,green,1.8,0.0,GO,no red (camera and V2X) and no person evidence,GO,"no red, no person evidence (V2X green, age 0.0s)",green,0.0,0.79
clear_green,19,1.9,1.23,0.8,0.01,0.177,green,1.3,0.6,GO,no red (camera and V2X) and no person evidence,GO,"no red, no person evidence (V2X green, age 0.1s)",green,0.1,0.71
clear_green,20,2.0,1.15,0.8,0.01,0.369,green,1.4,0.6,GO,no red (camera and V2X) and no person evidence,GO,"no red, no person evidence (V2X green, age 0.2s)",green,0.2,0.63
clear_green,21,2.1,1.07,0.8,0.318,0.011,green,2.1,0.0,GO,no red (camera and V2X) and no person evidence,GO,"no red, no person evidence (V2X green, age 0.0s)",green,0.0,0.55
clear_green,22,2.2,0.99,0.8,0.01,0.318,green,2.2,0.0,GO,no red (camera and V2X) and no person evidence,GO,"no red, no person evidence (V2X green, age 0.0s)",green,0.0,0.47
clear_green,23,2.3,0.91,0.8,0.078,0.077,green,2.3,0.0,GO,no red (camera and V2X) and no person evidence,GO,"no red, no person evidence (V2X green, age 0.0s)",green,0.0,0.39
late_red,0,0.0,2.75,0.8,0.09,0.146,green,0.0,0.0,GO,no red (camera and V2X) and no person evidence,GO,"no red, no person evidence (V2X green, age 0.0s)",green,0.0,2.23
late_red,1,0.1,2.67,0.8,0.01,0.541,green,0.1,0.0,SLOW,"person probably visible (0.541), position unknown",SLOW,"person probably visible (0.541), position unknown",green,0.0,2.15
late_red,2,0.2,2.59,0.8,0.01,0.01,green,0.2,0.0,GO,no red (camera and V2X) and no person evidence,GO,"no red, no person evidence (V2X green, age 0.0s)",green,0.0,2.07
late_red,3,0.3,2.51,0.8,0.017,0.335,green,0.3,0.0,GO,no red (camera and V2X) and no person evidence,GO,"no red, no person evidence (V2X green, age 0.0s)",green,0.0,1.99
late_red,4,0.4,2.43,0.8,0.108,0.078,green,0.4,0.0,GO,no red (camera and V2X) and no person evidence,GO,"no red, no person evidence (V2X green, age 0.0s)",green,0.0,1.91
late_red,5,0.5,2.35,0.8,0.078,0.192,green,0.0,0.5,GO,no red (camera and V2X) and no person evidence,GO,"no red, no person evidence (V2X green, age 0.1s)",green,0.1,1.83
late_red,6,0.6,2.27,0.8,0.01,0.01,green,0.0,0.6,GO,no red (camera and V2X) and no person evidence,GO,"no red, no person evidence (V2X green, age 0.2s)",green,0.2,1.75
late_red,7,0.7,2.19,0.8,0.069,0.01,green,0.7,0.0,GO,no red (camera and V2X) and no person evidence,GO,"no red, no person evidence (V2X green, age 0.0s)",green,0.0,1.67
late_red,8,0.8,2.11,0.8,0.01,0.018,green,0.8,0.0,GO,no red (camera and V2X) and no person evidence,GO,"no red, no person evidence (V2X green, age 0.0s)",green,0.0,1.59
late_red,9,0.9,2.03,0.8,0.43,0.01,red,0.9,0.0,SLOW,V2X says red but camera does not confirm (0.43),STOP,fresh V2X red (age 0.0s); camera (0.43) does not contradict it,red,0.0,1.51
late_red,10,1.0,1.95,0.8,0.43,0.01,red,1.0,0.0,SLOW,V2X says red but camera does not confirm (0.43),STOP,fresh V2X red (age 0.0s); camera (0.43) does not contradict it,red,0.0,1.43
late_red,11,1.1,1.87,0.8,0.99,0.01,red,1.1,0.0,STOP,red: V2X red and camera red (0.99) agree,STOP,fresh V2X red (age 0.0s); camera (0.99) does not contradict it,red,0.0,1.35
late_red,12,1.2,1.79,0.8,0.911,0.01,green,0.6,0.6,SLOW,camera says red (0.911) but V2X says green,STOP,fresh V2X red (age 0.1s); camera (0.911) does not contradict it,red,0.1,1.27
late_red,13,1.3,1.71,0.8,0.987,0.035,green,0.7,0.6,SLOW,camera says red (0.987) but V2X says green,STOP,fresh V2X red (age 0.2s); camera (0.987) does not contradict it,red,0.2,1.19
late_red,14,1.4,1.63,0.8,0.862,0.025,red,1.4,0.0,STOP,red: V2X red and camera red (0.862) agree,STOP,fresh V2X red (age 0.0s); camera (0.862) does not contradict it,red,0.0,1.11
late_red,15,1.5,1.55,0.8,0.873,0.429,red,1.5,0.0,STOP,red: V2X red and camera red (0.873) agree,STOP,fresh V2X red (age 0.0s); camera (0.873) does not contradict it,red,0.0,1.03
late_red,16,1.6,1.47,0.8,0.965,0.01,red,1.6,0.0,STOP,red: V2X red and camera red (0.965) agree,STOP,fresh V2X red (age 0.0s); camera (0.965) does not contradict it,red,0.0,0.95
late_red,17,1.7,1.39,0.8,0.763,0.01,red,1.7,0.0,STOP,red: V2X red and camera red (0.763) agree,STOP,fresh V2X red (age 0.0s); camera (0.763) does not contradict it,red,0.0,0.87
late_red,18,1.8,1.31,0.8,0.939,0.136,red,1.8,0.0,STOP,red: V2X red and camera red (0.939) agree,STOP,fresh V2X red (age 0.0s); camera (0.939) does not contradict it,red,0.0,0.79
late_red,19,1.9,1.23,0.8,0.949,0.01,red,1.3,0.6,STOP,red: V2X red and camera red (0.949) agree,STOP,fresh V2X red (age 0.1s); camera (0.949) does not contradict it,red,0.1,0.71
late_red,20,2.0,1.15,0.8,0.925,0.033,red,1.4,0.6,STOP,red: V2X red and camera red (0.925) agree,STOP,fresh V2X red (age 0.2s); camera (0.925) does not contradict it,red,0.2,0.63
late_red,21,2.1,1.07,0.8,0.969,0.054,red,2.1,0.0,STOP,red: V2X red and camera red (0.969) agree,STOP,fresh V2X red (age 0.0s); camera (0.969) does not contradict it,red,0.0,0.55
late_red,22,2.2,0.99,0.8,0.969,0.01,red,2.2,0.0,STOP,red: V2X red and camera red (0.969) agree,STOP,fresh V2X red (age 0.0s); camera (0.969) does not contradict it,red,0.0,0.47
late_red,23,2.3,0.91,0.8,0.953,0.178,red,2.3,0.0,STOP,red: V2X red and camera red (0.953) agree,STOP,fresh V2X red (age 0.0s); camera (0.953) does not contradict it,red,0.0,0.39
person_crossing,0,0.0,2.75,0.8,0.01,0.187,green,0.0,0.0,GO,no red (camera and V2X) and no person evidence,GO,"no red, no person evidence (V2X green, age 0.0s)",green,0.0,2.23
person_crossing,1,0.1,2.67,0.8,0.01,0.01,green,0.1,0.0,GO,no red (camera and V2X) and no person evidence,GO,"no red, no person evidence (V2X green, age 0.0s)",green,0.0,2.15
person_crossing,2,0.2,2.59,0.8,0.224,0.01,green,0.2,0.0,GO,no red (camera and V2X) and no person evidence,GO,"no red, no person evidence (V2X green, age 0.0s)",green,0.0,2.07
person_crossing,3,0.3,2.51,0.8,0.01,0.01,green,0.3,0.0,GO,no red (camera and V2X) and no person evidence,GO,"no red, no person evidence (V2X green, age 0.0s)",green,0.0,1.99
person_crossing,4,0.4,2.43,0.8,0.01,0.01,green,0.4,0.0,GO,no red (camera and V2X) and no person evidence,GO,"no red, no person evidence (V2X green, age 0.0s)",green,0.0,1.91
person_crossing,5,0.5,2.35,0.8,0.142,0.01,green,0.0,0.5,GO,no red (camera and V2X) and no person evidence,GO,"no red, no person evidence (V2X green, age 0.1s)",green,0.1,1.83
person_crossing,6,0.6,2.27,0.8,0.121,0.01,green,0.0,0.6,GO,no red (camera and V2X) and no person evidence,GO,"no red, no person evidence (V2X green, age 0.2s)",green,0.2,1.75
person_crossing,7,0.7,2.19,0.8,0.01,0.824,green,0.7,0.0,SLOW,"person probably visible (0.824), position unknown",SLOW,"person probably visible (0.824), position unknown",green,0.0,1.67
person_crossing,8,0.8,2.11,0.8,0.207,0.777,green,0.8,0.0,SLOW,"person probably visible (0.777), position unknown",SLOW,"person probably visible (0.777), position unknown",green,0.0,1.59
person_crossing,9,0.9,2.03,0.8,0.01,0.611,green,0.9,0.0,SLOW,"person probably visible (0.611), position unknown",SLOW,"person probably visible (0.611), position unknown",green,0.0,1.51
person_crossing,10,1.0,1.95,0.8,0.118,0.847,green,1.0,0.0,SLOW,"person probably visible (0.847), position unknown",SLOW,"person probably visible (0.847), position unknown",green,0.0,1.43
person_crossing,11,1.1,1.87,0.8,0.01,0.99,green,1.1,0.0,STOP,"person almost certainly visible (0.99), position unknown: treat as in path",STOP,"person almost certainly visible (0.99), position unknown: treat as in path",green,0.0,1.35
person_crossing,12,1.2,1.79,0.8,0.01,0.99,green,0.6,0.6,STOP,"person almost certainly visible (0.99), position unknown: treat as in path",STOP,"person almost certainly visible (0.99), position unknown: treat as in path",green,0.1,1.27
person_crossing,13,1.3,1.71,0.8,0.088,0.943,green,0.7,0.6,STOP,"person almost certainly visible (0.943), position unknown: treat as in path",STOP,"person almost certainly visible (0.943), position unknown: treat as in path",green,0.2,1.19
person_crossing,14,1.4,1.63,0.8,0.01,0.99,green,1.4,0.0,STOP,"person almost certainly visible (0.99), position unknown: treat as in path",STOP,"person almost certainly visible (0.99), position unknown: treat as in path",green,0.0,1.11
person_crossing,15,1.5,1.55,0.8,0.064,0.29,green,1.5,0.0,GO,no red (camera and V2X) and no person evidence,STOP,"person almost certainly seen 0.1s ago, score now 0.29: held, not released on a dropout",green,0.0,1.03
person_crossing,16,1.6,1.47,0.8,0.01,0.29,green,1.6,0.0,GO,no red (camera and V2X) and no person evidence,STOP,"person almost certainly seen 0.2s ago, score now 0.29: held, not released on a dropout",green,0.0,0.95
person_crossing,17,1.7,1.39,0.8,0.376,0.99,green,1.7,0.0,STOP,"person almost certainly visible (0.99), position unknown: treat as in path",STOP,"person almost certainly visible (0.99), position unknown: treat as in path",green,0.0,0.87
person_crossing,18,1.8,1.31,0.8,0.232,0.977,green,1.8,0.0,STOP,"person almost certainly visible (0.977), position unknown: treat as in path",STOP,"person almost certainly visible (0.977), position unknown: treat as in path",green,0.0,0.79
person_crossing,19,1.9,1.23,0.8,0.01,0.99,green,1.3,0.6,STOP,"person almost certainly visible (0.99), position unknown: treat as in path",STOP,"person almost certainly visible (0.99), position unknown: treat as in path",green,0.1,0.71
person_crossing,20,2.0,1.15,0.8,0.108,0.99,green,1.4,0.6,STOP,"person almost certainly visible (0.99), position unknown: treat as in path",STOP,"person almost certainly visible (0.99), position unknown: treat as in path",green,0.2,0.63
person_crossing,21,2.1,1.07,0.8,0.01,0.99,green,2.1,0.0,STOP,"person almost certainly visible (0.99), position unknown: treat as in path",STOP,"person almost certainly visible (0.99), position unknown: treat as in path",green,0.0,0.55
person_crossing,22,2.2,0.99,0.8,0.234,0.791,green,2.2,0.0,SLOW,"person probably visible (0.791), position unknown",STOP,"person almost certainly seen 0.1s ago, score now 0.791: held, not released on a dropout",green,0.0,0.47
person_crossing,23,2.3,0.91,0.8,0.219,0.809,green,2.3,0.0,SLOW,"person probably visible (0.809), position unknown",STOP,"person almost certainly seen 0.2s ago, score now 0.809: held, not released on a dropout",green,0.0,0.39
